,CBP,Y
1,0.040232856,0.894764388
0,0.015777607,0.981965438
