{
    "loss": [
        1349.193359375,
        1028.03466796875,
        994.9405517578125,
        977.0249633789062,
        961.9946899414062,
        952.8427124023438,
        944.53759765625,
        939.019775390625,
        934.07177734375,
        930.7576293945312,
        927.948974609375,
        924.6312255859375
    ],
    "logits_w_bias_loss": [
        996.1407470703125,
        932.2158203125,
        912.2212524414062,
        899.822265625,
        890.9166259765625,
        885.1304321289062,
        880.612548828125,
        877.7943725585938,
        875.8870849609375,
        874.3331298828125,
        873.1229858398438,
        872.1739501953125
    ],
    "logcounts_w_bias_loss": [
        2.4544146060943604,
        0.6661349534988403,
        0.5750559568405151,
        0.5367048382759094,
        0.49412018060684204,
        0.4707261323928833,
        0.44439491629600525,
        0.4256424307823181,
        0.4045102894306183,
        0.39225754141807556,
        0.38114628195762634,
        0.36466267704963684
    ],
    "val_loss": [
        1102.7451171875,
        1056.8350830078125,
        1024.2237548828125,
        1022.6666870117188,
        1016.4473266601562,
        1023.13232421875,
        1014.1796875,
        1022.0062866210938,
        1017.2265014648438,
        1020.15625,
        1016.54248046875,
        1019.5811157226562
    ],
    "val_logits_w_bias_loss": [
        994.8612670898438,
        963.6817016601562,
        951.4322509765625,
        949.6033935546875,
        945.377685546875,
        947.4323120117188,
        946.67333984375,
        946.8432006835938,
        947.867431640625,
        948.4959106445312,
        947.4508666992188,
        949.110595703125
    ],
    "val_logcounts_w_bias_loss": [
        0.7499967813491821,
        0.6475968956947327,
        0.5060403347015381,
        0.5079246759414673,
        0.4940713942050934,
        0.5262601971626282,
        0.46929651498794556,
        0.5225273966789246,
        0.4821733832359314,
        0.4981686472892761,
        0.4803115725517273,
        0.4899050295352936
    ]
}